ep,task_id,fbeta,spec,reason,total,valid_json,non_empty_findings,has_table_id,has_str_table_value,ts
1,claim_evidence_audit,0.0014,0.0001,0.0271,0.0076,1,1,1,1,1777163184.69
2,claim_evidence_audit,0.0014,0.0001,0.0271,0.0076,1,1,1,1,1777163184.69
3,claim_evidence_audit,0.0014,0.0001,0.0271,0.0076,1,1,1,1,1777163184.69
4,claim_evidence_audit,0.0014,0.0001,0.0271,0.0076,1,1,1,1,1777163184.69
5,claim_evidence_audit,0.0014,0.0001,0.0271,0.0076,1,1,1,1,1777163184.69
6,claim_evidence_audit,0.0014,0.0001,0.0271,0.0076,1,1,1,1,1777163184.69
7,claim_evidence_audit,0.0014,0.0001,0.0271,0.0076,1,1,1,1,1777163184.69
8,claim_evidence_audit,0.0014,0.0001,0.0271,0.0076,1,1,1,1,1777163184.69
9,claim_evidence_audit,0.0014,0.0001,0.0271,0.0076,1,1,1,1,1777163184.69
10,claim_evidence_audit,0.0014,0.0001,0.0271,0.0076,1,1,1,1,1777163184.69
11,claim_evidence_audit,0.0014,0.0001,0.0271,0.0076,1,1,1,1,1777163184.69
12,claim_evidence_audit,0.0014,0.0001,0.0271,0.0076,1,1,1,1,1777163184.69
13,claim_evidence_audit,0.0014,0.0001,0.0271,0.0076,1,1,1,1,1777163184.69
14,claim_evidence_audit,0.0014,0.0001,0.0271,0.0076,1,1,1,1,1777163184.69
15,claim_evidence_audit,0.0014,0.0001,0.0271,0.0076,1,1,1,1,1777163184.69
16,claim_evidence_audit,0.0014,0.0001,0.0271,0.0076,1,1,1,1,1777163184.69
17,claim_evidence_audit,0.0014,0.0001,0.0271,0.0076,1,1,1,1,1777163184.69
18,claim_evidence_audit,0.0014,0.0001,0.0271,0.0076,1,1,1,1,1777163184.69
19,claim_evidence_audit,0.8462,1.0,0.6693,0.825,1,1,1,1,1777163265.08
20,claim_evidence_audit,0.7,0.0001,0.5925,0.5681,1,1,1,0,1777163265.08
21,claim_evidence_audit,0.6136,1.0,0.5471,0.6549,1,1,1,1,1777163265.08
22,claim_evidence_audit,0.9,1.0,0.6975,0.8644,1,1,1,1,1777163265.08
23,claim_evidence_audit,0.9,1.0,0.6975,0.8644,1,1,1,1,1777163265.08
24,claim_evidence_audit,0.9,1.0,0.6975,0.8644,1,1,1,1,1777163265.09
25,claim_evidence_audit,0.0001,0.0001,0.21,0.0526,0,0,0,0,1777163265.09
26,claim_evidence_audit,0.9,1.0,0.6975,0.8644,1,1,1,1,1777163265.09
27,claim_evidence_audit,0.9,1.0,0.7905,0.8876,1,1,1,1,1777163265.09
28,claim_evidence_audit,0.9,1.0,0.7905,0.8876,1,1,1,1,1777163265.09
29,claim_evidence_audit,0.9,1.0,0.6975,0.8644,1,1,1,1,1777163265.09
30,claim_evidence_audit,0.9,1.0,0.6975,0.8644,1,1,1,1,1777163265.09
31,claim_evidence_audit,0.9,1.0,0.6975,0.8644,1,1,1,1,1777163265.09
32,claim_evidence_audit,0.9,1.0,0.6975,0.8644,1,1,1,1,1777163265.09
33,claim_evidence_audit,0.6136,1.0,0.6201,0.6732,1,1,1,1,1777163265.09
34,claim_evidence_audit,0.9,1.0,0.7905,0.8876,1,1,1,1,1777163265.09
35,claim_evidence_audit,0.6353,1.0,0.5585,0.6708,1,1,1,1,1777163354.44
36,claim_evidence_audit,0.9,1.0,0.7905,0.8876,1,1,1,1,1777163354.44
37,claim_evidence_audit,0.9,1.0,0.6975,0.8644,1,1,1,1,1777163354.44
38,claim_evidence_audit,0.6136,1.0,0.6201,0.6732,1,1,1,1,1777163354.44
39,claim_evidence_audit,0.0001,0.0001,0.2251,0.0563,1,1,0,1,1777163354.44
40,claim_evidence_audit,0.7353,1.0,0.611,0.7439,1,1,1,1,1777163354.44
41,claim_evidence_audit,0.7353,1.0,0.6925,0.7643,1,1,1,1,1777163354.44
42,claim_evidence_audit,0.7353,1.0,0.6925,0.7643,1,1,1,1,1777163354.44
43,claim_evidence_audit,0.7353,1.0,0.611,0.7439,1,1,1,1,1777163354.44
44,claim_evidence_audit,0.7353,1.0,0.6925,0.7643,1,1,1,1,1777163354.44
45,claim_evidence_audit,0.7353,1.0,0.611,0.7439,1,1,1,1,1777163354.44
46,claim_evidence_audit,0.575,1.0,0.5269,0.6267,1,1,1,1,1777163354.44
47,claim_evidence_audit,0.6136,1.0,0.6201,0.6732,1,1,1,1,1777163354.44
48,claim_evidence_audit,0.6136,1.0,0.6201,0.6732,1,1,1,1,1777163354.44
49,claim_evidence_audit,0.9,1.0,0.6975,0.8644,1,1,1,1,1777163354.45
50,claim_evidence_audit,0.9,1.0,0.6975,0.8644,1,1,1,1,1777163354.45
51,claim_evidence_audit,0.0001,0.0001,0.2251,0.0563,0,0,0,0,1777163419.15
52,claim_evidence_audit,0.72,1.0,0.6834,0.7528,1,1,1,1,1777163419.15
53,claim_evidence_audit,0.72,1.0,0.603,0.7328,1,1,1,1,1777163419.15
54,claim_evidence_audit,0.72,1.0,0.6834,0.7528,1,1,1,1,1777163419.15
55,claim_evidence_audit,0.9,1.0,0.6975,0.8644,1,1,1,1,1777163419.15
56,claim_evidence_audit,0.0001,0.0001,0.2551,0.0638,0,0,0,0,1777163419.15
57,claim_evidence_audit,0.9,1.0,0.7905,0.8876,1,1,1,1,1777163419.15
58,claim_evidence_audit,0.0001,0.0001,0.2251,0.0563,1,1,1,1,1777163419.15
59,claim_evidence_audit,0.6136,1.0,0.5471,0.6549,1,1,1,1,1777163419.15
60,claim_evidence_audit,0.9,1.0,0.6975,0.8644,1,1,1,1,1777163419.15
61,claim_evidence_audit,0.9,1.0,0.6975,0.8644,1,1,1,1,1777163419.15
62,claim_evidence_audit,0.9,1.0,0.7905,0.8876,1,1,1,1,1777163419.15
63,claim_evidence_audit,0.0001,0.0001,0.195,0.0488,1,1,1,1,1777163419.15
64,claim_evidence_audit,0.72,1.0,0.6633,0.7478,1,1,1,1,1777163419.15
65,claim_evidence_audit,0.6416,1.0,0.5618,0.6754,1,1,1,1,1777163419.15
66,claim_evidence_audit,0.0001,0.0001,0.2518,0.063,1,1,1,1,1777163419.15
67,claim_evidence_audit,0.9,1.0,0.7905,0.8876,1,1,1,1,1777163471.83
68,claim_evidence_audit,0.9,1.0,0.7905,0.8876,1,1,1,1,1777163471.83
69,claim_evidence_audit,0.8368,1.0,0.7529,0.8403,1,1,1,1,1777163471.83
70,claim_evidence_audit,0.7,0.0001,0.5925,0.5681,1,1,1,0,1777163471.83
71,claim_evidence_audit,0.6333,1.0,0.5575,0.6694,1,1,1,1,1777163471.83
72,claim_evidence_audit,0.7353,1.0,0.611,0.7439,1,1,1,1,1777163471.83
73,claim_evidence_audit,0.7353,1.0,0.611,0.7439,1,1,1,1,1777163471.83
74,claim_evidence_audit,0.7353,1.0,0.611,0.7439,1,1,1,1,1777163471.83
75,claim_evidence_audit,0.9,1.0,0.6975,0.8644,1,1,1,1,1777163471.83
76,claim_evidence_audit,0.9,1.0,0.7905,0.8876,1,1,1,1,1777163471.83
77,claim_evidence_audit,0.6136,1.0,0.6201,0.6732,1,1,1,1,1777163471.83
78,claim_evidence_audit,0.9,1.0,0.6975,0.8644,1,1,1,1,1777163471.83
79,claim_evidence_audit,0.9,1.0,0.6975,0.8644,1,1,1,1,1777163471.83
80,claim_evidence_audit,0.9,1.0,0.7905,0.8876,1,1,1,1,1777163471.83
81,claim_evidence_audit,0.7732,1.0,0.7151,0.7927,1,1,1,1,1777163471.84
82,claim_evidence_audit,0.9,1.0,0.6975,0.8644,1,1,1,1,1777163471.84
83,claim_evidence_audit,0.55,1.0,0.5138,0.6084,1,1,1,1,1777163513.94
84,claim_evidence_audit,0.8067,1.0,0.735,0.8178,1,1,1,1,1777163513.94
85,claim_evidence_audit,0.9,1.0,0.6975,0.8644,1,1,1,1,1777163513.94
86,claim_evidence_audit,0.9,1.0,0.6975,0.8644,1,1,1,1,1777163513.94
87,claim_evidence_audit,0.9,1.0,0.6975,0.8644,1,1,1,1,1777163513.94
88,claim_evidence_audit,0.772,1.0,0.6303,0.7708,1,1,1,1,1777163513.94
89,claim_evidence_audit,0.6853,1.0,0.6628,0.7269,1,1,1,1,1777163513.94
90,claim_evidence_audit,0.7353,1.0,0.611,0.7439,1,1,1,1,1777163513.94
91,claim_evidence_audit,0.72,1.0,0.603,0.7328,1,1,1,1,1777163513.94
92,claim_evidence_audit,0.72,1.0,0.603,0.7328,1,1,1,1,1777163513.94
93,claim_evidence_audit,0.52,0.0001,0.498,0.4365,1,1,1,0,1777163513.94
94,claim_evidence_audit,0.72,1.0,0.7437,0.7679,1,1,1,1,1777163513.94
95,claim_evidence_audit,0.72,1.0,0.7437,0.7679,1,1,1,1,1777163513.94
96,claim_evidence_audit,0.4935,1.0,0.4841,0.5671,1,1,1,1,1777163513.94
97,claim_evidence_audit,0.72,1.0,0.603,0.7328,1,1,1,1,1777163513.94
98,claim_evidence_audit,0.0001,0.0001,0.2551,0.0638,0,0,0,0,1777163513.94
99,claim_evidence_audit,0.6136,1.0,0.5471,0.6549,1,1,1,1,1777163562.04
100,claim_evidence_audit,0.9,1.0,0.7672,0.8818,1,1,1,1,1777163562.04
101,claim_evidence_audit,0.8112,1.0,0.716,0.8157,1,1,1,1,1777163562.04
102,claim_evidence_audit,0.7748,1.0,0.7792,0.8097,1,1,1,1,1777163562.04
103,claim_evidence_audit,0.72,1.0,0.6834,0.7528,1,1,1,1,1777163562.04
104,claim_evidence_audit,0.72,1.0,0.603,0.7328,1,1,1,1,1777163562.04
105,claim_evidence_audit,0.72,1.0,0.6633,0.7478,1,1,1,1,1777163562.04
106,claim_evidence_audit,0.72,1.0,0.6834,0.7528,1,1,1,1,1777163562.04
107,claim_evidence_audit,0.7353,1.0,0.6925,0.7643,1,1,1,1,1777163562.04
108,claim_evidence_audit,0.7353,1.0,0.611,0.7439,1,1,1,1,1777163562.04
109,claim_evidence_audit,0.7353,1.0,0.6925,0.7643,1,1,1,1,1777163562.04
110,claim_evidence_audit,0.7366,1.0,0.6117,0.7449,1,1,1,1,1777163562.04
111,claim_evidence_audit,0.808,1.0,0.6492,0.7971,1,1,1,1,1777163562.05
112,claim_evidence_audit,0.9,1.0,0.7905,0.8876,1,1,1,1,1777163562.05
113,claim_evidence_audit,0.7,0.0001,0.6715,0.5879,1,1,1,0,1777163562.05
114,claim_evidence_audit,0.0014,0.0001,0.1956,0.0498,1,1,1,1,1777163562.05
115,claim_evidence_audit,0.9,1.0,0.7672,0.8818,1,1,1,1,1777163604.81
116,claim_evidence_audit,0.7353,1.0,0.611,0.7439,1,1,1,1,1777163604.81
117,claim_evidence_audit,0.7353,1.0,0.611,0.7439,1,1,1,1,1777163604.81
118,claim_evidence_audit,0.0014,0.0001,0.2558,0.0648,1,1,1,1,1777163604.81
119,claim_evidence_audit,0.0001,0.0001,0.195,0.0488,1,1,1,1,1777163604.81
120,claim_evidence_audit,0.0001,0.0001,0.195,0.0488,1,1,1,1,1777163604.81
121,claim_evidence_audit,0.7353,1.0,0.6925,0.7643,1,1,1,1,1777163604.82
122,claim_evidence_audit,0.7719,1.0,0.7143,0.7917,1,1,1,1,1777163604.82
123,claim_evidence_audit,0.6136,1.0,0.6201,0.6732,1,1,1,1,1777163604.82
124,claim_evidence_audit,0.011,0.0001,0.2308,0.0643,1,1,1,1,1777163604.82
125,claim_evidence_audit,0.9,1.0,0.6975,0.8644,1,1,1,1,1777163604.82
126,claim_evidence_audit,0.9,1.0,0.7905,0.8876,1,1,1,1,1777163604.82
127,claim_evidence_audit,0.7353,1.0,0.611,0.7439,1,1,1,1,1777163604.82
128,claim_evidence_audit,0.7353,1.0,0.611,0.7439,1,1,1,1,1777163604.82
129,claim_evidence_audit,0.7353,1.0,0.6925,0.7643,1,1,1,1,1777163604.82
130,claim_evidence_audit,0.7353,1.0,0.611,0.7439,1,1,1,1,1777163604.82
131,claim_evidence_audit,0.8462,1.0,0.6693,0.825,1,1,1,1,1777163655.08
132,claim_evidence_audit,0.9,1.0,0.7905,0.8876,1,1,1,1,1777163655.08
133,claim_evidence_audit,0.6136,1.0,0.6201,0.6732,1,1,1,1,1777163655.08
134,claim_evidence_audit,0.9,1.0,0.6975,0.8644,1,1,1,1,1777163655.08
135,claim_evidence_audit,0.7353,1.0,0.611,0.7439,1,1,1,1,1777163655.08
136,claim_evidence_audit,0.6853,1.0,0.6628,0.7269,1,1,1,1,1777163655.08
137,claim_evidence_audit,0.9,1.0,0.6975,0.8644,1,1,1,1,1777163655.08
138,claim_evidence_audit,0.0001,0.0001,0.2251,0.0563,1,1,1,1,1777163655.08
139,claim_evidence_audit,0.0001,0.0001,0.195,0.0488,1,1,1,1,1777163655.08
140,claim_evidence_audit,0.5963,1.0,0.6098,0.6602,1,1,1,1,1777163655.08
141,claim_evidence_audit,0.7353,1.0,0.611,0.7439,1,1,1,1,1777163655.08
142,claim_evidence_audit,0.0014,0.0001,0.2257,0.0573,1,1,1,1,1777163655.08
143,claim_evidence_audit,0.9,1.0,0.6975,0.8644,1,1,1,1,1777163655.08
144,claim_evidence_audit,0.9,1.0,0.7905,0.8876,1,1,1,1,1777163655.08
145,claim_evidence_audit,0.5613,1.0,0.5197,0.6167,1,1,1,1,1777163655.08
146,claim_evidence_audit,0.9,1.0,0.7905,0.8876,1,1,1,1,1777163655.08
147,claim_evidence_audit,0.7353,1.0,0.611,0.7439,1,1,1,1,1777163701.16
148,claim_evidence_audit,0.564,1.0,0.5906,0.636,1,1,1,1,1777163701.16
149,claim_evidence_audit,0.7353,1.0,0.611,0.7439,1,1,1,1,1777163701.16
150,claim_evidence_audit,0.6728,1.0,0.6553,0.7175,1,1,1,1,1777163701.16
151,claim_evidence_audit,0.9,1.0,0.7905,0.8876,1,1,1,1,1777163701.16
152,claim_evidence_audit,0.9,1.0,0.7905,0.8876,1,1,1,1,1777163701.16
153,claim_evidence_audit,0.9,1.0,0.7905,0.8876,1,1,1,1,1777163701.16
154,claim_evidence_audit,0.808,1.0,0.7358,0.8187,1,1,1,1,1777163701.16
155,claim_evidence_audit,0.72,1.0,0.6834,0.7528,1,1,1,1,1777163701.16
156,claim_evidence_audit,0.52,0.0001,0.498,0.4365,1,1,1,0,1777163701.16
157,claim_evidence_audit,0.72,1.0,0.603,0.7328,1,1,1,1,1777163701.16
158,claim_evidence_audit,0.41,1.0,0.4402,0.5061,1,1,1,1,1777163701.16
159,claim_evidence_audit,0.7353,1.0,0.6721,0.7592,1,1,1,1,1777163701.16
160,claim_evidence_audit,0.7353,1.0,0.611,0.7439,1,1,1,1,1777163701.16
161,claim_evidence_audit,0.0001,0.0001,0.195,0.0488,1,1,1,1,1777163701.16
162,claim_evidence_audit,0.0001,0.0001,0.2551,0.0638,1,1,1,1,1777163701.16
163,claim_evidence_audit,0.7353,1.0,0.611,0.7439,1,1,1,1,1777163758.37
164,claim_evidence_audit,0.0001,0.0001,0.2191,0.0548,1,1,1,1,1777163758.38
165,claim_evidence_audit,0.7353,1.0,0.611,0.7439,1,1,1,1,1777163758.38
166,claim_evidence_audit,0.0001,0.0001,0.2551,0.0638,0,0,0,0,1777163758.38
167,claim_evidence_audit,0.9,1.0,0.6975,0.8644,1,1,1,1,1777163758.38
168,claim_evidence_audit,0.8173,1.0,0.6541,0.8039,1,1,1,1,1777163758.38
169,claim_evidence_audit,0.9,1.0,0.6975,0.8644,1,1,1,1,1777163758.38
170,claim_evidence_audit,0.6136,1.0,0.6201,0.6732,1,1,1,1,1777163758.38
171,claim_evidence_audit,0.9,1.0,0.6975,0.8644,1,1,1,1,1777163758.38
172,claim_evidence_audit,0.9,1.0,0.7905,0.8876,1,1,1,1,1777163758.38
173,claim_evidence_audit,0.9,1.0,0.6975,0.8644,1,1,1,1,1777163758.38
174,claim_evidence_audit,0.9,1.0,0.7905,0.8876,1,1,1,1,1777163758.38
175,claim_evidence_audit,0.4935,1.0,0.5486,0.5833,1,1,1,1,1777163758.38
176,claim_evidence_audit,0.4711,1.0,0.5353,0.5665,1,1,1,1,1777163758.38
177,claim_evidence_audit,0.0111,0.0001,0.2539,0.0702,1,1,1,1,1777163758.38
178,claim_evidence_audit,0.72,1.0,0.6834,0.7528,1,1,1,1,1777163758.38
179,claim_evidence_audit,0.5117,1.0,0.5588,0.5967,1,1,1,1,1777163828.32
180,claim_evidence_audit,0.6378,1.0,0.5598,0.6726,1,1,1,1,1777163828.32
181,claim_evidence_audit,0.6333,1.0,0.6318,0.6879,1,1,1,1,1777163828.32
182,claim_evidence_audit,0.0001,0.0001,0.195,0.0488,1,1,1,1,1777163828.32
183,claim_evidence_audit,0.72,1.0,0.6834,0.7528,1,1,1,1,1777163828.32
184,claim_evidence_audit,0.72,1.0,0.603,0.7328,1,1,1,1,1777163828.32
185,claim_evidence_audit,0.4935,1.0,0.4841,0.5671,1,1,1,1,1777163828.32
186,claim_evidence_audit,0.0001,0.0001,0.2251,0.0563,1,1,1,1,1777163828.32
187,claim_evidence_audit,0.634,1.0,0.6322,0.6885,1,1,1,1,1777163828.32
188,claim_evidence_audit,0.72,1.0,0.6834,0.7528,1,1,1,1,1777163828.32
189,claim_evidence_audit,0.72,1.0,0.6834,0.7528,1,1,1,1,1777163828.32
190,claim_evidence_audit,0.4614,1.0,0.5295,0.5592,1,1,1,1,1777163828.32
191,claim_evidence_audit,0.7353,1.0,0.611,0.7439,1,1,1,1,1777163828.32
192,claim_evidence_audit,0.6443,1.0,0.6196,0.6915,1,1,1,1,1777163828.32
193,claim_evidence_audit,0.7353,1.0,0.611,0.7439,1,1,1,1,1777163828.32
194,claim_evidence_audit,0.0001,0.0001,0.2551,0.0638,1,1,1,1,1777163828.32
195,claim_evidence_audit,0.9,1.0,0.6975,0.8644,1,1,1,1,1777163877.56
196,claim_evidence_audit,0.9,1.0,0.7905,0.8876,1,1,1,1,1777163877.56
197,claim_evidence_audit,0.8067,1.0,0.735,0.8178,1,1,1,1,1777163877.56
198,claim_evidence_audit,0.8112,1.0,0.7377,0.8211,1,1,1,1,1777163877.56
199,claim_evidence_audit,0.9,1.0,0.7905,0.8876,1,1,1,1,1777163877.56
200,claim_evidence_audit,0.0001,0.0001,0.2251,0.0563,1,1,1,1,1777163877.56
201,claim_evidence_audit,0.6682,1.0,0.5758,0.6949,1,1,1,1,1777163877.56
202,claim_evidence_audit,0.9,1.0,0.7905,0.8876,1,1,1,1,1777163877.57
203,claim_evidence_audit,0.7353,1.0,0.6925,0.7643,1,1,1,1,1777163877.57
204,claim_evidence_audit,0.7353,1.0,0.611,0.7439,1,1,1,1,1777163877.57
205,claim_evidence_audit,0.7353,1.0,0.6925,0.7643,1,1,1,1,1777163877.57
206,claim_evidence_audit,0.7353,1.0,0.6925,0.7643,1,1,1,1,1777163877.57
207,claim_evidence_audit,0.9,1.0,0.6975,0.8644,1,1,1,1,1777163877.57
208,claim_evidence_audit,0.9,1.0,0.6975,0.8644,1,1,1,1,1777163877.57
209,claim_evidence_audit,0.0001,0.0001,0.2251,0.0563,0,0,0,0,1777163877.57
210,claim_evidence_audit,0.0001,0.0001,0.2551,0.0638,0,0,0,0,1777163877.57
211,claim_evidence_audit,0.9,1.0,0.6975,0.8644,1,1,1,1,1777163942.02
212,claim_evidence_audit,0.9,1.0,0.6975,0.8644,1,1,1,1,1777163942.02
213,claim_evidence_audit,0.6136,1.0,0.6201,0.6732,1,1,1,1,1777163942.02
214,claim_evidence_audit,0.5619,1.0,0.52,0.6171,1,1,1,1,1777163942.02
215,claim_evidence_audit,0.7738,1.0,0.7154,0.7931,1,1,1,1,1777163942.03
216,claim_evidence_audit,0.6333,1.0,0.6318,0.6879,1,1,1,1,1777163942.03
217,claim_evidence_audit,0.7353,1.0,0.6721,0.7592,1,1,1,1,1777163942.03
218,claim_evidence_audit,0.0001,0.0001,0.2551,0.0638,1,1,1,1,1777163942.03
219,claim_evidence_audit,0.72,1.0,0.603,0.7328,1,1,1,1,1777163942.03
220,claim_evidence_audit,0.72,1.0,0.6633,0.7478,1,1,1,1,1777163942.03
221,claim_evidence_audit,0.72,1.0,0.7437,0.7679,1,1,1,1,1777163942.03
222,claim_evidence_audit,0.6233,1.0,0.5522,0.662,1,1,1,1,1777163942.03
223,claim_evidence_audit,0.7353,1.0,0.611,0.7439,1,1,1,1,1777163942.03
224,claim_evidence_audit,0.7703,1.0,0.6923,0.7853,1,1,1,1,1777163942.03
225,claim_evidence_audit,0.9,1.0,0.6975,0.8644,1,1,1,1,1777163942.03
226,claim_evidence_audit,0.9,1.0,0.6975,0.8644,1,1,1,1,1777163942.03
227,claim_evidence_audit,0.72,1.0,0.6834,0.7528,1,1,1,1,1777164000.8
228,claim_evidence_audit,0.72,1.0,0.603,0.7328,1,1,1,1,1777164000.8
229,claim_evidence_audit,0.0001,0.0001,0.2551,0.0638,0,0,0,0,1777164000.8
230,claim_evidence_audit,0.4935,1.0,0.4841,0.5671,1,1,1,1,1777164000.8
231,claim_evidence_audit,0.7353,1.0,0.6477,0.7531,1,1,1,1,1777164000.8
232,claim_evidence_audit,0.6347,1.0,0.5582,0.6704,1,1,1,1,1777164000.8
233,claim_evidence_audit,0.7353,1.0,0.611,0.7439,1,1,1,1,1777164000.8
234,claim_evidence_audit,0.0001,0.0001,0.2251,0.0563,1,1,1,1,1777164000.8
235,claim_evidence_audit,0.6708,1.0,0.5772,0.6968,1,1,1,1,1777164000.8
236,claim_evidence_audit,0.0001,0.0001,0.2551,0.0638,1,1,1,1,1777164000.8
237,claim_evidence_audit,0.7353,1.0,0.611,0.7439,1,1,1,1,1777164000.8
238,claim_evidence_audit,0.9,1.0,0.6975,0.8644,1,1,1,1,1777164000.8
239,claim_evidence_audit,0.7353,1.0,0.611,0.7439,1,1,1,1,1777164000.8
240,claim_evidence_audit,0.0111,0.0001,0.2308,0.0644,1,1,1,1,1777164000.8
241,claim_evidence_audit,0.9,1.0,0.6975,0.8644,1,1,1,1,1777164000.8
242,claim_evidence_audit,0.7184,1.0,0.6022,0.7316,1,1,1,1,1777164000.8
243,claim_evidence_audit,0.7353,1.0,0.611,0.7439,1,1,1,1,1777164055.26
244,claim_evidence_audit,0.7353,1.0,0.611,0.7439,1,1,1,1,1777164055.26
245,claim_evidence_audit,0.6853,1.0,0.6628,0.7269,1,1,1,1,1777164055.26
246,claim_evidence_audit,0.6035,1.0,0.5418,0.6476,1,1,1,1,1777164055.26
247,claim_evidence_audit,0.55,1.0,0.5138,0.6084,1,1,1,1,1777164055.26
248,claim_evidence_audit,0.7,0.0001,0.6715,0.5879,1,1,1,0,1777164055.26
249,claim_evidence_audit,0.4136,0.0001,0.4421,0.3587,1,1,1,0,1777164055.26
250,claim_evidence_audit,0.6136,1.0,0.6201,0.6732,1,1,1,1,1777164055.26
251,claim_evidence_audit,0.9,1.0,0.7905,0.8876,1,1,1,1,1777164055.26
252,claim_evidence_audit,0.7,0.0001,0.6715,0.5879,1,1,1,0,1777164055.26
253,claim_evidence_audit,0.9,1.0,0.7905,0.8876,1,1,1,1,1777164055.26
254,claim_evidence_audit,0.7716,1.0,0.7141,0.7915,1,1,1,1,1777164055.27
255,claim_evidence_audit,0.7353,1.0,0.611,0.7439,1,1,1,1,1777164055.27
256,claim_evidence_audit,0.0001,0.0001,0.2251,0.0563,1,1,0,0,1777164055.27
257,claim_evidence_audit,0.7353,1.0,0.6925,0.7643,1,1,1,1,1777164055.27
258,claim_evidence_audit,0.7353,1.0,0.6925,0.7643,1,1,1,1,1777164055.27
259,claim_evidence_audit,0.9,1.0,0.6975,0.8644,1,1,1,1,1777164116.98
260,claim_evidence_audit,0.9,1.0,0.6975,0.8644,1,1,1,1,1777164116.98
261,claim_evidence_audit,0.6136,1.0,0.6201,0.6732,1,1,1,1,1777164116.98
262,claim_evidence_audit,0.55,1.0,0.5138,0.6084,1,1,1,1,1777164116.98
263,claim_evidence_audit,0.9,1.0,0.7905,0.8876,1,1,1,1,1777164116.98
264,claim_evidence_audit,0.535,1.0,0.5059,0.5975,1,1,1,1,1777164116.98
265,claim_evidence_audit,0.0001,0.0001,0.2776,0.0695,0,0,0,0,1777164116.98
266,claim_evidence_audit,0.6803,1.0,0.6598,0.7231,1,1,1,1,1777164116.98
267,claim_evidence_audit,0.0001,0.0001,0.2251,0.0563,1,1,1,1,1777164116.98
268,claim_evidence_audit,0.9,1.0,0.7905,0.8876,1,1,1,1,1777164116.98
269,claim_evidence_audit,0.9,1.0,0.7905,0.8876,1,1,1,1,1777164116.98
270,claim_evidence_audit,0.9,1.0,0.7905,0.8876,1,1,1,1,1777164116.98
271,claim_evidence_audit,0.6728,0.5,0.5782,0.6232,1,1,1,1,1777164116.98
272,claim_evidence_audit,0.8067,1.0,0.6485,0.7961,1,1,1,1,1777164116.98
273,claim_evidence_audit,0.9,1.0,0.7905,0.8876,1,1,1,1,1777164170.16
274,claim_evidence_audit,0.5033,1.0,0.5505,0.5896,1,1,1,1,1777164170.16
275,claim_evidence_audit,0.9,1.0,0.7905,0.8876,1,1,1,1,1777164170.16
276,claim_evidence_audit,0.5514,1.0,0.5831,0.6266,1,1,1,1,1777164170.16
277,claim_evidence_audit,0.72,1.0,0.6834,0.7528,1,1,1,1,1777164170.16
278,claim_evidence_audit,0.4935,1.0,0.5486,0.5833,1,1,1,1,1777164170.16
279,claim_evidence_audit,0.4935,1.0,0.5486,0.5833,1,1,1,1,1777164170.16
280,claim_evidence_audit,0.72,1.0,0.603,0.7328,1,1,1,1,1777164170.16
281,claim_evidence_audit,0.0001,0.0001,0.2551,0.0638,1,1,1,1,1777164170.16
282,claim_evidence_audit,0.7398,1.0,0.6134,0.7472,1,1,1,1,1777164170.16
283,claim_evidence_audit,0.7353,1.0,0.611,0.7439,1,1,1,1,1777164170.16
284,claim_evidence_audit,0.7353,1.0,0.6721,0.7592,1,1,1,1,1777164170.16
285,claim_evidence_audit,0.9,1.0,0.7905,0.8876,1,1,1,1,1777164170.16
286,claim_evidence_audit,0.6136,1.0,0.6201,0.6732,1,1,1,1,1777164170.16
287,claim_evidence_audit,0.6136,1.0,0.6201,0.6732,1,1,1,1,1777164170.16
288,claim_evidence_audit,0.8067,1.0,0.6485,0.7961,1,1,1,1,1777164170.16
289,claim_evidence_audit,0.9,1.0,0.7905,0.8876,1,1,1,1,1777164211.84
290,claim_evidence_audit,0.0001,0.0001,0.2551,0.0638,0,0,0,0,1777164211.84
291,claim_evidence_audit,0.9,1.0,0.6975,0.8644,1,1,1,1,1777164211.85
292,claim_evidence_audit,0.0001,0.0001,0.2551,0.0638,0,0,0,0,1777164211.85
293,claim_evidence_audit,0.55,1.0,0.5138,0.6084,1,1,1,1,1777164211.85
294,claim_evidence_audit,0.9,1.0,0.6975,0.8644,1,1,1,1,1777164211.85
295,claim_evidence_audit,0.8112,1.0,0.7377,0.8211,1,1,1,1,1777164211.85
296,claim_evidence_audit,0.9,1.0,0.6975,0.8644,1,1,1,1,1777164211.85
297,claim_evidence_audit,0.6136,1.0,0.6201,0.6732,1,1,1,1,1777164211.85
298,claim_evidence_audit,0.6136,1.0,0.5471,0.6549,1,1,1,1,1777164211.85
299,claim_evidence_audit,0.9,1.0,0.7905,0.8876,1,1,1,1,1777164211.85
300,claim_evidence_audit,0.9,1.0,0.6975,0.8644,1,1,1,1,1777164211.85
301,claim_evidence_audit,0.745,1.0,0.6983,0.7716,1,1,1,1,1777164211.85
302,claim_evidence_audit,0.7675,1.0,0.7117,0.7884,1,1,1,1,1777164211.85
303,claim_evidence_audit,0.7353,1.0,0.6925,0.7643,1,1,1,1,1777164211.85
304,claim_evidence_audit,0.0001,0.0001,0.2551,0.0638,0,0,0,0,1777164211.85
305,claim_evidence_audit,0.0001,0.0001,0.195,0.0488,1,1,1,1,1777164295.25
306,claim_evidence_audit,0.4837,1.0,0.5224,0.5708,1,1,1,1,1777164295.25
307,claim_evidence_audit,0.0001,0.0001,0.195,0.0488,1,1,1,1,1777164295.25
308,claim_evidence_audit,0.7353,1.0,0.611,0.7439,1,1,1,1,1777164295.25
309,claim_evidence_audit,0.9,1.0,0.7905,0.8876,1,1,1,1,1777164295.25
310,claim_evidence_audit,0.7353,1.0,0.611,0.7439,1,1,1,1,1777164295.25
311,claim_evidence_audit,0.7353,1.0,0.611,0.7439,1,1,1,1,1777164295.25
312,claim_evidence_audit,0.0001,0.0001,0.2251,0.0563,1,1,1,1,1777164295.25
313,claim_evidence_audit,0.72,1.0,0.6834,0.7528,1,1,1,1,1777164295.25
314,claim_evidence_audit,0.72,1.0,0.603,0.7328,1,1,1,1,1777164295.26
315,claim_evidence_audit,0.0001,0.0001,0.2551,0.0638,0,0,0,0,1777164295.26
316,claim_evidence_audit,0.4935,1.0,0.4841,0.5671,1,1,1,1,1777164295.26
317,claim_evidence_audit,0.6136,1.0,0.6201,0.6732,1,1,1,1,1777164295.26
318,claim_evidence_audit,0.9,1.0,0.7905,0.8876,1,1,1,1,1777164295.26
319,claim_evidence_audit,0.9,1.0,0.7905,0.8876,1,1,1,1,1777164295.26
320,claim_evidence_audit,0.9,1.0,0.6975,0.8644,1,1,1,1,1777164295.26
321,claim_evidence_audit,0.0001,0.0001,0.2776,0.0695,1,1,1,1,1777164342.21
322,claim_evidence_audit,0.9,1.0,0.7905,0.8876,1,1,1,1,1777164342.21
323,claim_evidence_audit,0.9,1.0,0.7905,0.8876,1,1,1,1,1777164342.21
324,claim_evidence_audit,0.9,1.0,0.7905,0.8876,1,1,1,1,1777164342.21
325,claim_evidence_audit,0.9,1.0,0.6975,0.8644,1,1,1,1,1777164342.21
326,claim_evidence_audit,0.9,1.0,0.6975,0.8644,1,1,1,1,1777164342.21
327,claim_evidence_audit,0.55,1.0,0.5822,0.6256,1,1,1,1,1777164342.22
328,claim_evidence_audit,0.9,1.0,0.7905,0.8876,1,1,1,1,1777164342.22
329,claim_evidence_audit,0.0001,0.0001,0.2251,0.0563,1,1,1,1,1777164342.22
330,claim_evidence_audit,0.9,1.0,0.7905,0.8876,1,1,1,1,1777164342.22
331,claim_evidence_audit,0.7567,1.0,0.6223,0.7596,1,1,1,1,1777164342.22
332,claim_evidence_audit,0.9,1.0,0.7905,0.8876,1,1,1,1,1777164342.22
333,claim_evidence_audit,0.72,1.0,0.603,0.7328,1,1,1,1,1777164342.22
334,claim_evidence_audit,0.4935,1.0,0.4841,0.5671,1,1,1,1,1777164342.22
335,claim_evidence_audit,0.72,1.0,0.6834,0.7528,1,1,1,1,1777164342.22
336,claim_evidence_audit,0.0001,0.0001,0.2551,0.0638,1,1,1,1,1777164342.22
337,claim_evidence_audit,0.9,1.0,0.7905,0.8876,1,1,1,1,1777164444.96
338,claim_evidence_audit,0.9,1.0,0.6975,0.8644,1,1,1,1,1777164444.96
339,claim_evidence_audit,0.0001,0.0001,0.2551,0.0638,0,0,0,0,1777164444.96
340,claim_evidence_audit,0.9,1.0,0.7905,0.8876,1,1,1,1,1777164444.96
341,claim_evidence_audit,0.8112,1.0,0.7377,0.8211,1,1,1,1,1777164444.96
342,claim_evidence_audit,0.9,1.0,0.7672,0.8818,1,1,1,1,1777164444.96
343,claim_evidence_audit,0.6136,1.0,0.6019,0.6686,1,1,1,1,1777164444.96
344,claim_evidence_audit,0.0001,0.0001,0.2476,0.062,1,1,0,1,1777164444.96
345,claim_evidence_audit,0.9,1.0,0.7905,0.8876,1,1,1,1,1777164444.96
346,claim_evidence_audit,0.7353,1.0,0.6925,0.7643,1,1,1,1,1777164444.96
347,claim_evidence_audit,0.4758,1.0,0.4748,0.5542,1,1,1,1,1777164444.96
348,claim_evidence_audit,0.9,1.0,0.7905,0.8876,1,1,1,1,1777164444.96
349,claim_evidence_audit,0.9,1.0,0.7672,0.8818,1,1,1,1,1777164444.96
350,claim_evidence_audit,0.9,1.0,0.7905,0.8876,1,1,1,1,1777164444.96
351,claim_evidence_audit,0.0001,0.0001,0.2308,0.0578,0,0,0,0,1777164444.96
352,claim_evidence_audit,0.9,1.0,0.6975,0.8644,1,1,1,1,1777164444.96
353,claim_evidence_audit,0.9,1.0,0.6975,0.8644,1,1,1,1,1777164490.19
354,claim_evidence_audit,0.9,1.0,0.7905,0.8876,1,1,1,1,1777164490.19
355,claim_evidence_audit,0.0001,0.0001,0.2476,0.062,1,1,1,1,1777164490.19
356,claim_evidence_audit,0.9,1.0,0.7905,0.8876,1,1,1,1,1777164490.19
357,claim_evidence_audit,0.7353,1.0,0.611,0.7439,1,1,1,1,1777164490.19
358,claim_evidence_audit,0.7739,1.0,0.7155,0.7932,1,1,1,1,1777164490.19
359,claim_evidence_audit,0.0001,0.0001,0.2251,0.0563,1,1,1,1,1777164490.19
360,claim_evidence_audit,0.0001,0.0001,0.2251,0.0563,1,1,1,1,1777164490.19
361,claim_evidence_audit,0.9,1.0,0.6975,0.8644,1,1,1,1,1777164490.19
362,claim_evidence_audit,0.9,1.0,0.6975,0.8644,1,1,1,1,1777164490.19
363,claim_evidence_audit,0.9,1.0,0.8602,0.9051,1,1,1,1,1777164490.19
364,claim_evidence_audit,0.758,1.0,0.7683,0.7969,1,1,1,1,1777164490.19
365,claim_evidence_audit,0.6136,1.0,0.6201,0.6732,1,1,1,1,1777164490.19
366,claim_evidence_audit,0.6136,1.0,0.5471,0.6549,1,1,1,1,1777164490.19
367,claim_evidence_audit,0.9,1.0,0.7905,0.8876,1,1,1,1,1777164490.19
368,claim_evidence_audit,0.0001,0.0001,0.2251,0.0563,1,1,1,1,1777164490.19
369,claim_evidence_audit,0.0001,0.0001,0.2476,0.062,1,1,1,1,1777164551.88
370,claim_evidence_audit,0.7353,1.0,0.611,0.7439,1,1,1,1,1777164551.88
371,claim_evidence_audit,0.7366,1.0,0.6933,0.7653,1,1,1,1,1777164551.88
372,claim_evidence_audit,0.7353,1.0,0.611,0.7439,1,1,1,1,1777164551.88
373,claim_evidence_audit,0.72,1.0,0.603,0.7328,1,1,1,1,1777164551.88
374,claim_evidence_audit,0.72,1.0,0.6834,0.7528,1,1,1,1,1777164551.88
375,claim_evidence_audit,0.0001,0.0001,0.2251,0.0563,1,1,1,1,1777164551.88
376,claim_evidence_audit,0.72,1.0,0.6834,0.7528,1,1,1,1,1777164551.88
377,claim_evidence_audit,0.9,1.0,0.6975,0.8644,1,1,1,1,1777164551.88
378,claim_evidence_audit,0.6136,1.0,0.6201,0.6732,1,1,1,1,1777164551.88
379,claim_evidence_audit,0.8417,1.0,0.8225,0.8606,1,1,1,1,1777164551.88
380,claim_evidence_audit,0.9,1.0,0.8602,0.9051,1,1,1,1,1777164551.88
381,claim_evidence_audit,0.9,1.0,0.7905,0.8876,1,1,1,1,1777164551.88
382,claim_evidence_audit,0.9,1.0,0.6742,0.8586,1,1,1,1,1777164551.88
383,claim_evidence_audit,0.7,0.0001,0.5925,0.5681,1,1,1,0,1777164551.88
384,claim_evidence_audit,0.9,1.0,0.6975,0.8644,1,1,1,1,1777164551.88
385,claim_evidence_audit,0.9,1.0,0.6975,0.8644,1,1,1,1,1777164636.43
386,claim_evidence_audit,0.0001,0.0001,0.2551,0.0638,0,0,0,0,1777164636.43
387,claim_evidence_audit,0.9,1.0,0.8602,0.9051,1,1,1,1,1777164636.43
388,claim_evidence_audit,0.9,1.0,0.7905,0.8876,1,1,1,1,1777164636.44
389,claim_evidence_audit,0.9,1.0,0.6975,0.8644,1,1,1,1,1777164636.44
390,claim_evidence_audit,0.7398,1.0,0.6134,0.7472,1,1,1,1,1777164636.44
391,claim_evidence_audit,0.0001,0.0001,0.21,0.0526,0,0,0,0,1777164636.44
392,claim_evidence_audit,0.9,1.0,0.7812,0.8853,1,1,1,1,1777164636.44
393,claim_evidence_audit,0.7353,1.0,0.611,0.7439,1,1,1,1,1777164636.44
394,claim_evidence_audit,0.5878,1.0,0.6581,0.6672,1,1,1,1,1777164636.44
395,claim_evidence_audit,0.6347,1.0,0.6326,0.689,1,1,1,1,1777164636.44
396,claim_evidence_audit,0.7353,1.0,0.6721,0.7592,1,1,1,1,1777164636.44
397,claim_evidence_audit,0.7353,1.0,0.611,0.7439,1,1,1,1,1777164636.44
398,claim_evidence_audit,0.7366,1.0,0.6933,0.7653,1,1,1,1,1777164636.44
399,claim_evidence_audit,0.5654,1.0,0.5218,0.6197,1,1,1,1,1777164636.44
400,claim_evidence_audit,0.7353,1.0,0.611,0.7439,1,1,1,1,1777164636.44
401,claim_evidence_audit,0.0001,0.0001,0.2476,0.062,1,1,1,1,1777164723.69
402,claim_evidence_audit,0.7353,1.0,0.6925,0.7643,1,1,1,1,1777164723.7
403,claim_evidence_audit,0.7353,1.0,0.611,0.7439,1,1,1,1,1777164723.7
404,claim_evidence_audit,0.0001,0.0001,0.195,0.0488,1,1,1,1,1777164723.7
405,claim_evidence_audit,0.7353,1.0,0.611,0.7439,1,1,1,1,1777164723.7
406,claim_evidence_audit,0.0001,0.0001,0.1809,0.0453,0,0,0,0,1777164723.7
407,claim_evidence_audit,0.7353,1.0,0.611,0.7439,1,1,1,1,1777164723.7
408,claim_evidence_audit,0.7353,1.0,0.611,0.7439,1,1,1,1,1777164723.7
409,claim_evidence_audit,0.0001,0.0001,0.195,0.0488,0,0,0,0,1777164723.7
410,claim_evidence_audit,0.6136,1.0,0.6201,0.6732,1,1,1,1,1777164723.7
411,claim_evidence_audit,0.9,1.0,0.6975,0.8644,1,1,1,1,1777164723.7
412,claim_evidence_audit,0.9,1.0,0.7905,0.8876,1,1,1,1,1777164723.7
413,claim_evidence_audit,0.7,0.0001,0.5925,0.5681,1,1,1,0,1777164723.7
414,claim_evidence_audit,0.0001,0.0001,0.2251,0.0563,1,1,1,1,1777164723.7
415,claim_evidence_audit,0.0001,0.0001,0.2251,0.0563,1,1,1,1,1777164723.7
416,claim_evidence_audit,0.0001,0.0001,0.2251,0.0563,1,1,1,1,1777164723.7
